metrica,pascoa_2026,atual
01. RASK,0.04223031550279378,0.05022821348756287
02. Yield,0.29187128551663555,0.2949566499045244
03. Buscas,222365.0,238908.0
04. Grupos Realizados,1907.0,2259.0
05. Pax Total,11897.0,16069.0
06. ASK,43014421.0,49654471.0
07. RPK,6012781.0,8195253.0
08. Load Factor,0.13978523621182765,0.16504562096734451
09. Ticket Médio,147.51266033453825,150.42904785612075
10. GMV,1816512.5699999991,2494055.369999997
