metrica,pascoa_2026,atual
01. RASK,0.04223031550279379,0.050228213487562866
02. Yield,0.2918712855166356,0.29495664990452425
03. Buscas,221088.0,237122.0
04. Grupos Realizados,1907.0,2259.0
05. Pax Total,11897.0,16069.0
06. ASK,43014421.0,49654471.0
07. RPK,6012781.0,8195253.0
08. Load Factor,0.13978523621182765,0.16504562096734451
09. Ticket Médio,147.51266033453823,150.4290478561206
10. GMV,1816512.569999999,2494055.3699999982
